[{"Id":1001,"Title":"Tehran"},{"Id":1002,"Title":"Barcelona"},{"Id":1003,"Title":"Shiraz"},{"Id":1004,"Title":"Esfahan"},{"Id":1005,"Title":"Madrid"},{"Id":1006,"Title":"Munich"},{"Id":1007,"Title":"Düsseldorf"},{"Id":1008,"Title":"New York"},{"Id":1009,"Title":"Los Angeles"},{"Id":1010,"Title":"Dallas"},{"Id":1011,"Title":"San Diego"},{"Id":1012,"Title":"Fort Worth"},{"Id":1013,"Title":"Washington"},{"Id":1014,"Title":"Atlanta"},{"Id":1015,"Title":"Essen"},{"Id":1016,"Title":"Duisburg"},{"Id":1017,"Title":"Arlington"},{"Id":1018,"Title":"Orlando"},{"Id":1019,"Title":"Berlin"},{"Id":1020,"Title":"Frankfurt"},{"Id":1021,"Title":"Krefeld"},{"Id":1022,"Title":"Kassel"},{"Id":1023,"Title":"Paris"},{"Id":1024,"Title":"Nice"},{"Id":1025,"Title":"Olleta"},{"Id":1026,"Title":"Santa Cruz de Pinares"},{"Id":1027,"Title":"Uncella"},{"Id":1028,"Title":"Lyon"},{"Id":1029,"Title":"Bordeaux"},{"Id":1030,"Title":"Marseille"},{"Id":1031,"Title":"Lille"},{"Id":1032,"Title":"Rouen"},{"Id":1033,"Title":"Toulouse"},{"Id":1034,"Title":"Las Carboneras"},{"Id":1035,"Title":"Nancy"},{"Id":1036,"Title":"Amiens"},{"Id":1037,"Title":"Montpellier"},{"Id":1038,"Title":"Dijon"},{"Id":1039,"Title":"Grenoble"},{"Id":1040,"Title":"Nantes"},{"Id":1041,"Title":"La Rochelle"},{"Id":1042,"Title":"Viyao"},{"Id":1043,"Title":"Portaje"},{"Id":1044,"Title":"Riego"},{"Id":1045,"Title":"Rada"},{"Id":1046,"Title":"Ranero"},{"Id":1047,"Title":"Brolo"},{"Id":1048,"Title":"Castellalto"},{"Id":1049,"Title":"Casa Bastione"},{"Id":1050,"Title":"Casa Salute"},{"Id":1051,"Title":"Arba"},{"Id":1052,"Title":"Casa Vecchia"},{"Id":1053,"Title":"Francolino"},{"Id":1054,"Title":"Casa Santa Palomba"},{"Id":1055,"Title":"Borgo Littorio"},{"Id":1056,"Title":"Borgo Pietro Lupo"},{"Id":1057,"Title":"Alpe di Dumenza"},{"Id":1058,"Title":"Li Valcaggi"},{"Id":1059,"Title":"Dolonne"},{"Id":1060,"Title":"Cembra"},{"Id":1061,"Title":"Avafors"},{"Id":1062,"Title":"Svaneholm"},{"Id":1063,"Title":"Stockholm"},{"Id":1064,"Title":"Aalst"},{"Id":1065,"Title":" Exloërmond"},{"Id":1066,"Title":"Aalsmeerderbrug"},{"Id":1067,"Title":"Aalten"},{"Id":1068,"Title":"Aalzum"},{"Id":1069,"Title":"Aam"},{"Id":1070,"Title":"Aan de Berg"},{"Id":1071,"Title":"Aardam"},{"Id":1072,"Title":"Aarlanderveen"},{"Id":1073,"Title":"Abbekerk"},{"Id":1074,"Title":"Achterstehoek"},{"Id":1075,"Title":"Adeward"},{"Id":1076,"Title":"Zweth"},{"Id":1077,"Title":"Zwaanshoek"},{"Id":1078,"Title":"Zulkwartier"},{"Id":1079,"Title":"Heppert"},{"Id":1080,"Title":"Hamedan"},{"Id":1081,"Title":"Yazd"},{"Id":1082,"Title":"Kordestan"},{"Id":1083,"Title":"Gilan"},{"Id":1084,"Title":"Mashhad"},{"Id":1085,"Title":"Sari"},{"Id":1086,"Title":"Karaj"},{"Id":1087,"Title":"ilam"},{"Id":1088,"Title":"Semnan"},{"Id":1089,"Title":"Ajax"},{"Id":1090,"Title":"Albreda"},{"Id":1091,"Title":"Alexander Bay Station"},{"Id":1092,"Title":"Alexandria"},{"Id":1093,"Title":"Alexis Creek"},{"Id":1094,"Title":"Allan Water"},{"Id":1095,"Title":"Allenford"},{"Id":1096,"Title":"Alliance"},{"Id":1097,"Title":"Andrew"},{"Id":1098,"Title":"Anteuil"},{"Id":1099,"Title":"Zealandia"},{"Id":1100,"Title":"Zeballos"},{"Id":1101,"Title":"Yorkton"},{"Id":1102,"Title":"Kashan"},{"Id":1103,"Title":"Woburn"},{"Id":1104,"Title":"Whitehead"},{"Id":1105,"Title":"Western Bay"},{"Id":1106,"Title":"Fulford"},{"Id":1107,"Title":"Fox River"},{"Id":1108,"Title":"Fort Severn"},{"Id":1109,"Title":"Fort Franklin"},{"Id":1110,"Title":"Belmont"},{"Id":1111,"Title":"Achea Thik"},{"Id":1112,"Title":"Ampil"},{"Id":1113,"Title":"Angk Khleang"},{"Id":1114,"Title":"Anlong Trach"},{"Id":1115,"Title":"Arak Thnot"},{"Id":1116,"Title":"Rio Claro"},{"Id":1117,"Title":"Rio Claro do Sul"},{"Id":1118,"Title":"Rio das Antas"},{"Id":1119,"Title":"Santa Luz"},{"Id":1121,"Title":"Santa Luzia do Cariri"},{"Id":1123,"Title":"Zogaias"},{"Id":1124,"Title":"Mosconi"},{"Id":1125,"Title":"Zamba"},{"Id":1126,"Title":"Munro"},{"Id":1127,"Title":"Naranjito"},{"Id":1128,"Title":"Nelson"},{"Id":1129,"Title":"Nueva California"},{"Id":1130,"Title":"Nuevo Alberdi"},{"Id":1131,"Title":"Ojeda"},{"Id":1132,"Title":"Osma"},{"Id":1133,"Title":"Pacheco de Melo"},{"Id":1134,"Title":"Palca de Aparzo"},{"Id":1135,"Title":"Pampa del Tigre"},{"Id":1136,"Title":"Palta de Aparzo"},{"Id":1137,"Title":"Pampa Pozo"},{"Id":1139,"Title":"Pampa Sommer"},{"Id":1140,"Title":"Parish"},{"Id":1141,"Title":"amsterdam"},{"Id":1142,"Title":"A Kung Tin"},{"Id":1143,"Title":"A Ma Wat"},{"Id":1144,"Title":"Cha Kwo Ling"},{"Id":1145,"Title":"Cheung Kong"},{"Id":1146,"Title":"Cheung Wo"},{"Id":1147,"Title":"Chung Sam Wai"},{"Id":1148,"Title":"Fen-ling"},{"Id":1149,"Title":"Ha Tei Ha"},{"Id":1150,"Title":"Hang Tau Tai Po"},{"Id":1151,"Title":"Sam Shing Hui"},{"Id":1152,"Title":"San Keng"},{"Id":1153,"Title":"Shimatoura"},{"Id":1154,"Title":"Shimayacho"},{"Id":1155,"Title":"Shimochino"},{"Id":1156,"Title":"Tokyo"},{"Id":1157,"Title":"Yamuwakka"},{"Id":1158,"Title":"Yanagi"},{"Id":1159,"Title":"Yasutsuka"},{"Id":1160,"Title":"Xianqiao"},{"Id":1161,"Title":"Abili"},{"Id":1162,"Title":"Qingao"},{"Id":1163,"Title":"Morocco"},{"Id":1164,"Title":"Aassa Tagmout"},{"Id":1165,"Title":"Aasel"},{"Id":1166,"Title":"Zribt"},{"Id":1167,"Title":"Zriouil"},{"Id":1168,"Title":"Zouiat n'Inekal"},{"Id":1169,"Title":"Rancho Los Ainzas"},{"Id":1170,"Title":"Rancho Los Campitos"},{"Id":1171,"Title":"Zumpimito"},{"Id":1172,"Title":"Sundby"},{"Id":1173,"Title":"Sunnan"},{"Id":1174,"Title":"Lenangs?yra"},{"Id":1175,"Title":"Outeirais"},{"Id":1176,"Title":"Outeiro do Forno"},{"Id":1177,"Title":"Zimbral"},{"Id":1178,"Title":"Zimbreiros"},{"Id":1179,"Title":"Zoio"},{"Id":1180,"Title":"Coelhoso"},{"Id":1181,"Title":"Abadgarh"},{"Id":1182,"Title":"Ramanujnagar"},{"Id":1183,"Title":"Ramgoan-Rameshwar"},{"Id":1184,"Title":"Ran"},{"Id":1185,"Title":"Zunnamar"},{"Id":1186,"Title":"Abbigeri"},{"Id":1187,"Title":"Aguakate"},{"Id":1188,"Title":"Aguas Blancas"},{"Id":1189,"Title":"Alito"},{"Id":1190,"Title":"San Miguel Uno"},{"Id":1191,"Title":"Dubai"},{"Id":1192,"Title":"Harf"},{"Id":1193,"Title":"Istaihah"},{"Id":1194,"Title":"West Marie"},{"Id":1195,"Title":"Ypnasted"},{"Id":1196,"Title":"Hammelev"},{"Id":1197,"Title":"West Burton"},{"Id":1198,"Title":"Manchester"},{"Id":1199,"Title":"York"},{"Id":1200,"Title":"Liverpool"},{"Id":1201,"Title":"Glasgow"},{"Id":1202,"Title":"Bolshiye Shabury"},{"Id":1203,"Title":"Edinburgh"},{"Id":1204,"Title":"Bolshiye Sinitsy"},{"Id":1205,"Title":"Bolshiye Starukhi"},{"Id":1206,"Title":"Bolshiye Syry"},{"Id":1207,"Title":"Bolshiye Taytsy"},{"Id":1208,"Title":"Bolshiye Tolkachi"},{"Id":1209,"Title":"Bolshiye Tumany"},{"Id":1210,"Title":"Bolshiye Uki"},{"Id":1211,"Title":"Bolshiye Vereshkovichi"},{"Id":1212,"Title":"Bolshiye Volchki"},{"Id":1213,"Title":"Bolshiye Vykhody"},{"Id":1214,"Title":"Bolshiye Yazvishchi"},{"Id":1215,"Title":"Bolshiye Zamolomtsy"},{"Id":1216,"Title":"Bolshiye Zhitkovitsy"},{"Id":1217,"Title":"Bolshovka"},{"Id":1218,"Title":"Bolshoy Antibes"},{"Id":1219,"Title":"Bolshoy Atmas"},{"Id":1220,"Title":"Bolshoy Barkhanchak"},{"Id":1221,"Title":"Bolshoy Beysug"},{"Id":1222,"Title":"Bolshoy"},{"Id":1223,"Title":"Bolshoy Borok"},{"Id":1224,"Title":"Bolshoy Budogoshch"},{"Id":1225,"Title":"Bolshoy Chekmak"},{"Id":1226,"Title":"Bolshoy Chirkley"},{"Id":1227,"Title":"Bolshoy Dor"},{"Id":1228,"Title":"Bolshoy Dvor"},{"Id":1229,"Title":"Bolshoye Akhozino"},{"Id":1230,"Title":"Bolshoye Aleshino"},{"Id":1231,"Title":"Bolshoye Araslangulovo"},{"Id":1232,"Title":"Bolshoye Bakalovo"},{"Id":1233,"Title":"Bolshoye Baykovo"},{"Id":1234,"Title":"Bolshoye Biselevo"},{"Id":1235,"Title":"Bolshoye"},{"Id":1236,"Title":"Bolshoye Borobyevo"},{"Id":1237,"Title":"Bolshoye Busygino"},{"Id":1238,"Title":"Bolshoye Chernevo"},{"Id":1239,"Title":"Bolshoye Churkino"},{"Id":1240,"Title":"Bolshoye Doronino"},{"Id":1241,"Title":"Bolshoye Durakovo"},{"Id":1242,"Title":"Bolshoye Frolova"},{"Id":1243,"Title":"Bolshoye Gaydorovo"},{"Id":1244,"Title":"Bolshoye Gordino"},{"Id":1245,"Title":"Bolshoye Gorodno"},{"Id":1246,"Title":"Bolshoye Gvozdovo"},{"Id":1247,"Title":"Bolshoye Ivankovo"},{"Id":1248,"Title":"Bolshoye Kalikino"},{"Id":1249,"Title":"Bolshoye Karasevo"},{"Id":1250,"Title":"Bolshoye Khantonovo"},{"Id":1251,"Title":"Bolshoye Kikerino"},{"Id":1252,"Title":"Bolshoye Kleshino"},{"Id":1253,"Title":"Bolshoye Kolychevo"},{"Id":1254,"Title":"Bolshoye Korkovo"},{"Id":1255,"Title":"Bolshoye Kostarevo"},{"Id":1256,"Title":"Bolshoye Krivoluchye"},{"Id":1257,"Title":"Bolshoye Kunistino"},{"Id":1258,"Title":"Bolshoye Kuzemkino"},{"Id":1259,"Title":"Bolshoye Lavrovo"},{"Id":1260,"Title":"Bolshoye Logunovo"},{"Id":1261,"Title":"Bolshoye Lupakovo"},{"Id":1262,"Title":"Bolshoye Makovye"},{"Id":1263,"Title":"Bolshoye Maresevo"},{"Id":1264,"Title":"Bolshoye Mezhozerye"},{"Id":1265,"Title":"Bolshoye Mitkino"},{"Id":1266,"Title":"Bolshoye Mosino"},{"Id":1267,"Title":"Bolshoye Naryschkino"},{"Id":1268,"Title":"Bolshoye Nikolskoye"},{"Id":1269,"Title":"Bolshoye Nudatovo"},{"Id":1270,"Title":"Bolshoye Okulovo"},{"Id":1271,"Title":"Bolshoye Orekhovo"},{"Id":1272,"Title":"Bolshoye Ozernoye"},{"Id":1273,"Title":"Bolshoye Panyushevo"},{"Id":1274,"Title":"Bolshoye Pesyanoye"},{"Id":1275,"Title":"Bolshoye Ploskoye"},{"Id":1276,"Title":"Bolshoye Pole"},{"Id":1277,"Title":"Bolshoye Poshutino"},{"Id":1278,"Title":"Bolshoye Pulnikovo"},{"Id":1279,"Title":"Bolshoye Ramenye"},{"Id":1280,"Title":"Bolshoye Repanovo"},{"Id":1281,"Title":"Bolshoye Royskoye"},{"Id":1282,"Title":"Bolshoye Ryzhkovo"},{"Id":1283,"Title":"Bolshoye Sazonovo"},{"Id":1284,"Title":"Bolshoye Semenovskoye"},{"Id":1285,"Title":"Bolshoye Shapovo"},{"Id":1286,"Title":"Bolshoye Shemyakino"},{"Id":1287,"Title":"Bolshoye Shipitsyno"},{"Id":1288,"Title":"Bolshoye Shumakovo"},{"Id":1289,"Title":"Bolshoye Sodomovo"},{"Id":1290,"Title":"Bolshoye Sotnikovo"},{"Id":1291,"Title":"Bolshoye Starygino"},{"Id":1292,"Title":"Bolshoye Svinoye"},{"Id":1293,"Title":"Bolshoye Tarasovo"},{"Id":1294,"Title":"Bolshoye Teryushevo"},{"Id":1295,"Title":"Bolshoye Tokarevo"},{"Id":1296,"Title":"Bolshoye Tugayevo"},{"Id":1297,"Title":"Bolshoye Usadye"},{"Id":1298,"Title":"Bolshoye Vasilyevo"},{"Id":1299,"Title":"Bolshoye Vittolovo"},{"Id":1300,"Title":"Bolshoye Voronino"},{"Id":1301,"Title":"Bolshoye Vyzhlyatnikovo"},{"Id":1302,"Title":"Bolshoye Yasnevo"},{"Id":1303,"Title":"Bolshoye Yeniseyskoye"},{"Id":1304,"Title":"Bolshoye Yurkovo"},{"Id":1305,"Title":"Bolshoye Zaborye"},{"Id":1306,"Title":"Bolshoye Zakharovo"},{"Id":1307,"Title":"Bolshoye Zamostye"},{"Id":1308,"Title":"Bolshoye Zavolzhye"},{"Id":1309,"Title":"Bolshoye Zhuino"},{"Id":1310,"Title":"Bolshoy Gok"},{"Id":1311,"Title":"Bolshoy Gulyum"},{"Id":1312,"Title":"Bolshoy Izyrak"},{"Id":1313,"Title":"Bolshoy Kamennik"},{"Id":1314,"Title":"Bolshoy Karluk"},{"Id":1315,"Title":"Bolshoy Kaybitsy"},{"Id":1316,"Title":"Bolshoy Khirlep"},{"Id":1317,"Title":"Bolshoy Kikus"},{"Id":1318,"Title":"Bolshoy Klyuch"},{"Id":1319,"Title":"Bolshoy Kongul"},{"Id":1320,"Title":"Bolshoy Krasnogor"},{"Id":1321,"Title":"Bolshoy Kuganavolok"},{"Id":1322,"Title":"Bolshoy Kungul"},{"Id":1323,"Title":"Bolshoy Kust"},{"Id":1324,"Title":"Bolshoy Lekmash"},{"Id":1325,"Title":"Bolshoy Lomovaty Bor"},{"Id":1326,"Title":"Bolshoy Lug"},{"Id":1327,"Title":"Bolshoy Makapelem"},{"Id":1328,"Title":"Bolshoy Mechetnoy"},{"Id":1329,"Title":"Bolshoy Miklyanur"},{"Id":1330,"Title":"Bolshoy Nikolskiy"},{"Id":1331,"Title":"Bolshoy Odor"},{"Id":1332,"Title":"Bolshoy Orton"},{"Id":1333,"Title":"Bolshoy Padun"},{"Id":1334,"Title":"Bolshoy Pikhtiner"},{"Id":1335,"Title":"Bolshoy Ponil"},{"Id":1336,"Title":"Bolshoy Puyal"},{"Id":1337,"Title":"Bolshoy Rodnik"},{"Id":1338,"Title":"Bolshoy Sabaner"},{"Id":1339,"Title":"Bolshoy Sars"},{"Id":1340,"Title":"Bolshoy Sharalday"},{"Id":1341,"Title":"Bolshoy Shordik"},{"Id":1342,"Title":"Bolshoy Silan"},{"Id":1343,"Title":"Bolshoy Soboklond"},{"Id":1344,"Title":"Bolshoy Sundyr"},{"Id":1345,"Title":"Bolshoy Taltsy"},{"Id":1346,"Title":"Bolshoy Tebis"},{"Id":1347,"Title":"Bolshoy Truyev"},{"Id":1348,"Title":"Bolshoy Umys"},{"Id":1349,"Title":"Bolshoy Uzhin"},{"Id":1350,"Title":"Bolshoy Viton"},{"Id":1351,"Title":"Bolshoy Yanshen"},{"Id":1352,"Title":"Bolshoy Yuros"},{"Id":1353,"Title":"Bolshoy Zerentui"},{"Id":1354,"Title":"Bolsh-zerentuy"},{"Id":1355,"Title":"Boltayevka"},{"Id":1356,"Title":"Boltino"},{"Id":1357,"Title":"Boltukha"},{"Id":1358,"Title":"Bolushevo"},{"Id":1359,"Title":"Bolvanskaya"},{"Id":1360,"Title":"Bolychi"},{"Id":1361,"Title":"Bom"},{"Id":1362,"Title":"Bonakovo"},{"Id":1363,"Title":"Bondarenko"},{"Id":1364,"Title":"Bondarev"},{"Id":1365,"Title":"Bondarevskiy"},{"Id":1366,"Title":"Bondorevo"},{"Id":1367,"Title":"Boni"},{"Id":1368,"Title":"Boragangechuv"},{"Id":1369,"Title":"Boranovskiy Lozovets"},{"Id":1370,"Title":"Borba"},{"Id":1373,"Title":"Borchaninova"},{"Id":1374,"Title":"Bordayevka"},{"Id":1375,"Title":"Borduki"},{"Id":1376,"Title":"Boregardt"},{"Id":1377,"Title":"Borets"},{"Id":1378,"Title":"Borgoltoy"},{"Id":1379,"Title":"Borikhinskiy"},{"Id":1380,"Title":"Borinskiye Zavody"},{"Id":1381,"Title":"Boris-Gleb"},{"Id":1382,"Title":"Boriskino"},{"Id":1383,"Title":"Boriskovo"},{"Id":1384,"Title":"Boriso-Glebovskoye"},{"Id":1385,"Title":"Borisoglebskiy"},{"Id":1386,"Title":"Borisoglebskoye"},{"Id":1387,"Title":"Borisova"},{"Id":1388,"Title":"Borisov"},{"Id":1395,"Title":"Borisovskaya"},{"Id":1396,"Title":"Borisovskiy"},{"Id":1397,"Title":"Borisovskoye"},{"Id":1398,"Title":"Boristsevo"},{"Id":1399,"Title":"Borkhina"},{"Id":1402,"Title":"Borkin"},{"Id":1403,"Title":"Borkova"},{"Id":1404,"Title":"Borkovo"},{"Id":1405,"Title":"Borma"},{"Id":1406,"Title":"Bor Nemchinov"},{"Id":1407,"Title":"Borobino"},{"Id":1408,"Title":"Borodavkino"},{"Id":1409,"Title":"Borodikhino"},{"Id":1410,"Title":"Borodinka"},{"Id":1413,"Title":"Borodinsk"},{"Id":1414,"Title":"Borodinskiy"},{"Id":1415,"Title":"Borodkina"},{"Id":1416,"Title":"Borodulino"},{"Id":1417,"Title":"Borogon"},{"Id":1420,"Title":"Borokovka"},{"Id":1421,"Title":"Boronovalovo"},{"Id":1422,"Title":"Boroushka"},{"Id":1423,"Title":"Borovaya"},{"Id":1424,"Title":"Borovaya Kriusha"},{"Id":1425,"Title":"Borovetskoye"},{"Id":1426,"Title":"Boroviki"},{"Id":1427,"Title":"Borovinka"},{"Id":1428,"Title":"Borovitsa"},{"Id":1429,"Title":"Borovka"},{"Id":1430,"Title":"Borovki"},{"Id":1431,"Title":"Borovlevo"},{"Id":1432,"Title":"Borovno"},{"Id":1435,"Title":"Borovoye"},{"Id":1436,"Title":"Borovoy Forpost"},{"Id":1437,"Title":"Borovskaya"},{"Id":1438,"Title":"Borovskiye"},{"Id":1439,"Title":"Borovskoye"},{"Id":1440,"Title":"Boro Vtoroye"},{"Id":1441,"Title":"Borovyye Kharchevni"},{"Id":1442,"Title":"Borozdino"},{"Id":1443,"Title":"Bor Petreyevskiy"},{"Id":1444,"Title":"Borshchevaya"},{"Id":1445,"Title":"Borshchevka"},{"Id":1446,"Title":"Borshchevo"},{"Id":1447,"Title":"Borshchevskiye Peski"},{"Id":1448,"Title":"Borshevo"},{"Id":1449,"Title":"Borstno"},{"Id":1450,"Title":"Bortnaya Rastopyrina"},{"Id":1451,"Title":"Bortnikovo"},{"Id":1452,"Title":"Borto"},{"Id":1453,"Title":"Bortsovo"},{"Id":1454,"Title":"Bortyush"},{"Id":1455,"Title":"Boryalovo"},{"Id":1456,"Title":"Bory"},{"Id":1457,"Title":"Borylar"},{"Id":1458,"Title":"Borzel"},{"Id":1459,"Title":"Borzishki"},{"Id":1460,"Title":"Borzyni"},{"Id":1461,"Title":"Boshkatovo"},{"Id":1462,"Title":"Bosinskaya"},{"Id":1463,"Title":"Bossiyskiy"},{"Id":1464,"Title":"Botalovo"},{"Id":1465,"Title":"Botevy"},{"Id":1466,"Title":"Botley"},{"Id":1467,"Title":"Botomay"},{"Id":1468,"Title":"Botovskoye"},{"Id":1469,"Title":"Botvino"},{"Id":1470,"Title":"Botyevo"},{"Id":1471,"Title":"Boyanovichi"},{"Id":1472,"Title":"Boyarkeros"},{"Id":1473,"Title":"Boyarovka"},{"Id":1474,"Title":"Boyarskaya"},{"Id":1475,"Title":"Boyarskiy"},{"Id":1476,"Title":"Boydrsky"},{"Id":1477,"Title":"Boyevka"},{"Id":1478,"Title":"Boyevoy"},{"Id":1479,"Title":"Boykovo"},{"Id":1480,"Title":"Boyukly"},{"Id":1481,"Title":"Bozhedayevo"},{"Id":1482,"Title":"Bozhidayevka"},{"Id":1483,"Title":"Bozhye-Ozerskoye"},{"Id":1484,"Title":"Brabander"},{"Id":1485,"Title":"Bragino"},{"Id":1486,"Title":"Braguny"},{"Id":1487,"Title":"Brancheyevka"},{"Id":1488,"Title":"Braslavl"},{"Id":1489,"Title":"Brateyevo"},{"Id":1490,"Title":"Bratko-Opochinkovskoye"},{"Id":1491,"Title":"Bratolyubovskoye"},{"Id":1492,"Title":"Bratovshchina"},{"Id":1493,"Title":"Bratskiy"},{"Id":1494,"Title":"Bratskiy Tagot"},{"Id":1495,"Title":"Bratskoye"},{"Id":1496,"Title":"Bratukhi"},{"Id":1497,"Title":"Brazhenka"},{"Id":1498,"Title":"Brazhnikovo"},{"Id":1499,"Title":"Bredikhino"},{"Id":1500,"Title":"Brednevo"},{"Id":1501,"Title":"Brekhalova"},{"Id":1502,"Title":"Brekhovo"},{"Id":1503,"Title":"Breslavka"},{"Id":1504,"Title":"Brevennoye"},{"Id":1505,"Title":"Brezga"},{"Id":1506,"Title":"Brichi"},{"Id":1507,"Title":"Brikalov"},{"Id":1508,"Title":"Brilovka"},{"Id":1509,"Title":"Brishchi"},{"Id":1510,"Title":"Britvino"},{"Id":1511,"Title":"Brod"},{"Id":1512,"Title":"Brodki"},{"Id":1513,"Title":"Brodok"},{"Id":1514,"Title":"Brodyazhka"},{"Id":1515,"Title":"Brokhovo"},{"Id":1516,"Title":"Bronnikovo"},{"Id":1517,"Title":"Brosachikha"},{"Id":1518,"Title":"Brovkino"},{"Id":1519,"Title":"Brovskiy"},{"Id":1520,"Title":"Brunikha"},{"Id":1521,"Title":"Brusentsevo"},{"Id":1522,"Title":"Brusilovskaya"},{"Id":1523,"Title":"Brusna"},{"Id":1524,"Title":"Brusnichnyy"},{"Id":1525,"Title":"Brusny"},{"Id":1526,"Title":"Brusovoye"},{"Id":1527,"Title":"Brusyanskiy"},{"Id":1528,"Title":"Bryachkovo"},{"Id":1529,"Title":"Bryanovka"},{"Id":1530,"Title":"Bryanskiy"},{"Id":1531,"Title":"Bryanskoye"},{"Id":1532,"Title":"Bryashkovka"},{"Id":1533,"Title":"Brykin Bor"},{"Id":1534,"Title":"Brykovo"},{"Id":1535,"Title":"Brynchagi"},{"Id":1536,"Title":"Bryn-Turgenino"},{"Id":1537,"Title":"Bryukhachikha"},{"Id":1538,"Title":"Bryukhanovo"},{"Id":1539,"Title":"Bryukhovitsy"},{"Id":1540,"Title":"Bryukhovo"},{"Id":1541,"Title":"Bryuzli"},{"Id":1542,"Title":"Bryzgalovo"},{"Id":1543,"Title":"Bubanovo"},{"Id":1544,"Title":"Bubneva"},{"Id":1545,"Title":"Bubnovo"},{"Id":1546,"Title":"Bubolevo"},{"Id":1547,"Title":"Buchalki"},{"Id":1548,"Title":"Buchnev"},{"Id":1549,"Title":"Budagovo"},{"Id":1550,"Title":"Buda-Matsenskaya"},{"Id":1551,"Title":"Buda Pervaya"},{"Id":1552,"Title":"Budarka"},{"Id":1553,"Title":"Budayevo"},{"Id":1554,"Title":"Budennogo"},{"Id":1555,"Title":"Budennovskaya"},{"Id":1556,"Title":"Budennowsk"},{"Id":1557,"Title":"Budennyy"},{"Id":1558,"Title":"Budenovka"},{"Id":1559,"Title":"Budikan"},{"Id":1560,"Title":"Budino"},{"Id":1561,"Title":"Budki"},{"Id":1562,"Title":"Budlyanka"},{"Id":1563,"Title":"Budogoschtsch"},{"Id":1564,"Title":"Budovitsi"},{"Id":1565,"Title":"Budrinskaya"},{"Id":1566,"Title":"Budvinets"},{"Id":1567,"Title":"Budy"},{"Id":1568,"Title":"Budzi-Varyash"},{"Id":1569,"Title":"Bugaly"},{"Id":1570,"Title":"Bugatovskiy"},{"Id":1571,"Title":"Bugayevskoye"},{"Id":1572,"Title":"Bugor"},{"Id":1573,"Title":"Bugotak"},{"Id":1574,"Title":"Bugristoye"},{"Id":1575,"Title":"Bugrovo"},{"Id":1576,"Title":"Bugryanskiy"},{"Id":1577,"Title":"Bugry"},{"Id":1578,"Title":"Bugryshikha"},{"Id":1579,"Title":"Buguldeyka"},{"Id":1580,"Title":"Bugunzh"},{"Id":1581,"Title":"Bugut-Yurt"},{"Id":1582,"Title":"Buitomari"},{"Id":1583,"Title":"Bukarevo"},{"Id":1584,"Title":"Bukhalovo"},{"Id":1585,"Title":"Bukharinka"},{"Id":1586,"Title":"Bukhmal"},{"Id":1587,"Title":"Bukhor"},{"Id":1588,"Title":"Bukhta"},{"Id":1589,"Title":"Bukhta Zagli"},{"Id":1590,"Title":"Bukhty"},{"Id":1591,"Title":"Bukina"},{"Id":1592,"Title":"Bukinskiy Zavod"},{"Id":1593,"Title":"Bukoboy"},{"Id":1594,"Title":"Bukovka"},{"Id":1595,"Title":"Bukreyev Bobrik"},{"Id":1596,"Title":"Bukreyevskiy"},{"Id":1597,"Title":"Buksina"},{"Id":1598,"Title":"Bula"},{"Id":1599,"Title":"Bulakovo"},{"Id":1600,"Title":"Bulanino"},{"Id":1601,"Title":"Owasco"},{"Id":1602,"Title":"Panama"},{"Id":1603,"Title":"Parkers Station"},{"Id":1604,"Title":"Patronville"},{"Id":1605,"Title":"Pelzer"},{"Id":1606,"Title":"Peppertown"},{"Id":1607,"Title":"Perth"},{"Id":1608,"Title":"Philadelphia"},{"Id":1609,"Title":"Pigeon"},{"Id":1610,"Title":"Pine Ridge"},{"Id":1611,"Title":"Plainville"},{"Id":1612,"Title":"Pleasant Plain"},{"Id":1613,"Title":"Plymouth"},{"Id":1614,"Title":"Pony"},{"Id":1615,"Title":"Portland Mills"},{"Id":1616,"Title":"Powley Corners"},{"Id":1617,"Title":"Prince William"},{"Id":1618,"Title":"Pumpkin Center"},{"Id":1619,"Title":"Quincy"},{"Id":1620,"Title":"Rahm"},{"Id":1621,"Title":"Ranger"},{"Id":1622,"Title":"Reagan"},{"Id":1623,"Title":"Reed Station"},{"Id":1624,"Title":"Reo"},{"Id":1625,"Title":"Richmond"},{"Id":1626,"Title":"Ridgleville"},{"Id":1627,"Title":"Ritchie"},{"Id":1628,"Title":"Riverview"},{"Id":1629,"Title":"Robertsdale"},{"Id":1630,"Title":"Rockport Junction"},{"Id":1631,"Title":"Rolling Hills"},{"Id":1632,"Title":"Rosedale"},{"Id":1633,"Title":"Roth Park"},{"Id":1634,"Title":"Runyantown"},{"Id":1635,"Title":"Rutland"},{"Id":1636,"Title":"Saint Josephs Shrine"},{"Id":1637,"Title":"Saint Paul"},{"Id":1638,"Title":"Saline City"},{"Id":1639,"Title":"Sandford"},{"Id":1640,"Title":"Saturn"},{"Id":1641,"Title":"Schooler Point Landing"},{"Id":1642,"Title":"Seafield"},{"Id":1643,"Title":"Sevastopol"},{"Id":1644,"Title":"Shady Lawn"},{"Id":1645,"Title":"Shawswick"},{"Id":1646,"Title":"Sherwood Forest"},{"Id":1647,"Title":"Shore Acres"},{"Id":1648,"Title":"Silverwood"},{"Id":1649,"Title":"Slatecut"},{"Id":1650,"Title":"Smiths Crossing"},{"Id":1651,"Title":"Solsberry"},{"Id":1652,"Title":"South LaPorte"},{"Id":1653,"Title":"South Washington"},{"Id":1654,"Title":"Sparta"},{"Id":1655,"Title":"Spiceland"},{"Id":1656,"Title":"Spring Mill Village"},{"Id":1657,"Title":"Stacer"},{"Id":1658,"Title":"Starlight"},{"Id":1659,"Title":"Steubenville"},{"Id":1660,"Title":"Stockton"},{"Id":1661,"Title":"Stony Lonesome"},{"Id":1662,"Title":"Sugar Creek"},{"Id":1663,"Title":"Summit Chapel"},{"Id":1664,"Title":"Sunnymede Woods"},{"Id":1665,"Title":"Survant"},{"Id":1666,"Title":"Sycamore"},{"Id":1667,"Title":"Tabertown"},{"Id":1668,"Title":"Tanner"},{"Id":1669,"Title":"Tee Lake"},{"Id":1670,"Title":"Terre Haute"},{"Id":1671,"Title":"Thornhope"},{"Id":1672,"Title":"Tiosa"},{"Id":1673,"Title":"Topeka"},{"Id":1674,"Title":"Trails End"},{"Id":1675,"Title":"Trinity"},{"Id":1676,"Title":"Turner"},{"Id":1677,"Title":"Ulen"},{"Id":1678,"Title":"Universal"},{"Id":1679,"Title":"Valentine"},{"Id":1680,"Title":"Van Nuys"},{"Id":1681,"Title":"Verne"},{"Id":1682,"Title":"Vienna"},{"Id":1683,"Title":"Wa-Will-Away Park"},{"Id":1684,"Title":"Wakefield"},{"Id":1685,"Title":"Wallace Junction"},{"Id":1686,"Title":"Warren"},{"Id":1687,"Title":"Waterford Mills"},{"Id":1688,"Title":"Wawpecong"},{"Id":1689,"Title":"Weaver"},{"Id":1690,"Title":"Wellsboro"},{"Id":1691,"Title":"West Elwood"},{"Id":1692,"Title":"West Muncie"},{"Id":1693,"Title":"Westchester Estates"},{"Id":1694,"Title":"Westpoint"},{"Id":1695,"Title":"Wheeler"},{"Id":1696,"Title":"Whiteland"},{"Id":1697,"Title":"Wilders"},{"Id":1700,"Title":"Willisville"},{"Id":1701,"Title":"Winamac"},{"Id":1702,"Title":"Winthrop"},{"Id":1703,"Title":"Wolflake"},{"Id":1704,"Title":"Woodmar"},{"Id":1705,"Title":"Wrights Corner"},{"Id":1706,"Title":"Yellowbanks"},{"Id":1707,"Title":"Young America"},{"Id":1708,"Title":"Zoar"},{"Id":1709,"Title":"Adelphi"},{"Id":1710,"Title":"Alburnett"},{"Id":1711,"Title":"Almont"},{"Id":1712,"Title":"Amber"},{"Id":1713,"Title":"Angus"},{"Id":1714,"Title":"Argand"},{"Id":1715,"Title":"Arnold"},{"Id":1716,"Title":"Ashton"},{"Id":1717,"Title":"Audubon"},{"Id":1718,"Title":"Ayresville"},{"Id":1719,"Title":"Ballyclough"},{"Id":1720,"Title":"Bassett"},{"Id":1721,"Title":"Beaver"},{"Id":1722,"Title":"Bellefountain"},{"Id":1723,"Title":"Berea"},{"Id":1725,"Title":"Bingham"},{"Id":1726,"Title":"Blanchard"},{"Id":1727,"Title":"Bluff Acres Mobile Home Park"},{"Id":1736,"Title":"Bondurant"},{"Id":1737,"Title":"Boyer"},{"Id":1738,"Title":"Bremer"},{"Id":1739,"Title":"Bronson"},{"Id":1740,"Title":"Brunsville"},{"Id":1741,"Title":"Bucknell"},{"Id":1743,"Title":"Caldwell Siding"},{"Id":1744,"Title":"Cameron"},{"Id":1745,"Title":"Carbon"},{"Id":1746,"Title":"Carriage Place"},{"Id":1747,"Title":"Cass"},{"Id":1748,"Title":"Cedar Falls Junction"},{"Id":1749,"Title":"Central Heights"},{"Id":1750,"Title":"Chatsworth"},{"Id":1751,"Title":"Churchville"},{"Id":1752,"Title":"Clarksville"},{"Id":1753,"Title":"Cliffland"},{"Id":1754,"Title":"Clucas"},{"Id":1755,"Title":"Colesburg"},{"Id":1756,"Title":"Colwell"},{"Id":1757,"Title":"Consol"},{"Id":1758,"Title":"Cornell"},{"Id":1759,"Title":"Cou Falls"},{"Id":1760,"Title":"Craig"},{"Id":1761,"Title":"Creswell"},{"Id":1762,"Title":"Curlew"},{"Id":1763,"Title":"Dana"},{"Id":1764,"Title":"Dayton"},{"Id":1765,"Title":"Deerfield"},{"Id":1766,"Title":"Denmark"},{"Id":1767,"Title":"Diagonal"},{"Id":1768,"Title":"Dolliver"},{"Id":1769,"Title":"Dougherty"},{"Id":1770,"Title":"Drew"},{"Id":1771,"Title":"Dunlap"},{"Id":1772,"Title":"Eagle Point"},{"Id":1773,"Title":"East Iron Hills"},{"Id":1774,"Title":"Eckards"},{"Id":1775,"Title":"Ehler"},{"Id":1776,"Title":"Elk River Junction"},{"Id":1777,"Title":"Elm Spring"},{"Id":1778,"Title":"Emery"},{"Id":1779,"Title":"Evander"},{"Id":1780,"Title":"Fairbank"},{"Id":1781,"Title":"Farmersburg"},{"Id":1782,"Title":"Fern"},{"Id":1784,"Title":"Fontanelle"},{"Id":1785,"Title":"Fort Madison"},{"Id":1786,"Title":"Fredsville"},{"Id":1787,"Title":"Galland"},{"Id":1790,"Title":"Garnavillo"},{"Id":1791,"Title":"George"},{"Id":1792,"Title":"Gilbert"},{"Id":1793,"Title":"Glade"},{"Id":1794,"Title":"Golden Arrow Mobile Park"},{"Id":1795,"Title":"Graettinger"},{"Id":1796,"Title":"Grant"},{"Id":1797,"Title":"Green Castle"},{"Id":1798,"Title":"Greenville"},{"Id":1799,"Title":"Guss"},{"Id":1800,"Title":"Hamilton"},{"Id":1801,"Title":"Harcourt"},{"Id":1802,"Title":"Harrison"},{"Id":1803,"Title":"Hastings"},{"Id":1804,"Title":"Hawthorne"},{"Id":1805,"Title":"Hepburn"},{"Id":1806,"Title":"Highland"},{"Id":1807,"Title":"Hilltop"},{"Id":1808,"Title":"Holmes"},{"Id":1809,"Title":"Hornick"},{"Id":1810,"Title":"Humboldt"},{"Id":1811,"Title":"Illinois Grove"},{"Id":1812,"Title":"Ion"},{"Id":1813,"Title":"Irvington"},{"Id":1814,"Title":"James"},{"Id":1815,"Title":"Johnston"},{"Id":1816,"Title":"Juniata"},{"Id":1817,"Title":"Kenfield"},{"Id":1818,"Title":"Keota"},{"Id":1819,"Title":"King"},{"Id":1820,"Title":"Klondike"},{"Id":1821,"Title":"La Motte"},{"Id":1822,"Title":"Lake City"},{"Id":1823,"Title":"Lakonta"},{"Id":1824,"Title":"Lansing"},{"Id":1825,"Title":"Latty"},{"Id":1826,"Title":"Le Mars"},{"Id":1827,"Title":"Lena"},{"Id":1828,"Title":"Liberty"},{"Id":1829,"Title":"Lincoln Center"},{"Id":1830,"Title":"Little Groves"},{"Id":1831,"Title":"Locust"},{"Id":1832,"Title":"Lorimor"},{"Id":1833,"Title":"Low Moor"},{"Id":1834,"Title":"Luther"},{"Id":1835,"Title":"Macedonia"},{"Id":1836,"Title":"Malone"},{"Id":1837,"Title":"Manson"},{"Id":1838,"Title":"Marcus"},{"Id":1839,"Title":"Marshalltown"},{"Id":1840,"Title":"Masonville"},{"Id":1841,"Title":"Maxwell"},{"Id":1842,"Title":"McGregor"},{"Id":1843,"Title":"Mediapolis"},{"Id":1844,"Title":"Meriden"},{"Id":1845,"Title":"Middleburg"},{"Id":1846,"Title":"Millerton"},{"Id":1847,"Title":"Minden"},{"Id":1848,"Title":"Mona"},{"Id":1849,"Title":"Monterey"},{"Id":1850,"Title":"Moorland"},{"Id":1851,"Title":"Morton Mills"},{"Id":1852,"Title":"Mount Joy"},{"Id":1853,"Title":"Murray"},{"Id":1854,"Title":"Navan"},{"Id":1855,"Title":"New Buda"},{"Id":1856,"Title":"New Providence"},{"Id":1857,"Title":"Newport"},{"Id":1858,"Title":"Nordness"},{"Id":1859,"Title":"North Welton"},{"Id":1860,"Title":"Nugent"},{"Id":1861,"Title":"Oakley"},{"Id":1862,"Title":"Old Balltown"},{"Id":1863,"Title":"Onawa Junction"},{"Id":1864,"Title":"Ord"},{"Id":1865,"Title":"Osceola"},{"Id":1866,"Title":"Otranto"},{"Id":1867,"Title":"Owego"},{"Id":1868,"Title":"Packwood"},{"Id":1869,"Title":"Panther"},{"Id":1870,"Title":"Paullina"},{"Id":1871,"Title":"Perry"},{"Id":1872,"Title":"Phillips"},{"Id":1873,"Title":"Piper"},{"Id":1874,"Title":"Pleasant Creek"},{"Id":1875,"Title":"Plover"},{"Id":1876,"Title":"Port Louisa"},{"Id":1877,"Title":"Prairieburg"},{"Id":1878,"Title":"Prussia"},{"Id":1879,"Title":"Radcliffe"},{"Id":1880,"Title":"Raymond"},{"Id":1881,"Title":"Registry Park"},{"Id":1882,"Title":"Richard"},{"Id":1883,"Title":"Ridley"},{"Id":1884,"Title":"Riverdale"},{"Id":1885,"Title":"Rock Falls"},{"Id":1886,"Title":"Rodney"},{"Id":1887,"Title":"Rose Hill"},{"Id":1888,"Title":"Rowley"},{"Id":1889,"Title":"Russell"},{"Id":1890,"Title":"Saint Benedict"},{"Id":1891,"Title":"Salina"},{"Id":1892,"Title":"Saratoga"},{"Id":1893,"Title":"Scenic View Mobile Home Park"},{"Id":1894,"Title":"Sedan"},{"Id":1895,"Title":"Seymour"},{"Id":1896,"Title":"Sheffield"},{"Id":1897,"Title":"Sherton Heights"},{"Id":1901,"Title":"Silver Lake"},{"Id":1902,"Title":"Slater"},{"Id":1903,"Title":"Solon"},{"Id":1904,"Title":"Spencer"},{"Id":1905,"Title":"Springbrook"},{"Id":1906,"Title":"Stanwood"},{"Id":1907,"Title":"Stiles"},{"Id":1908,"Title":"Strahan"},{"Id":1909,"Title":"Summerset"},{"Id":1910,"Title":"Sutherland"},{"Id":1911,"Title":"Sycamore Village"},{"Id":1912,"Title":"Temple Hill"},{"Id":1913,"Title":"Thompson"},{"Id":1914,"Title":"Tileville"},{"Id":1915,"Title":"Toledo"},{"Id":1916,"Title":"Troy Mills"},{"Id":1917,"Title":"Tyrone"},{"Id":1918,"Title":"University Park"},{"Id":1919,"Title":"Valley Village Mobile Home Park"},{"Id":1920,"Title":"Ventura"},{"Id":1921,"Title":"Village East Resort"},{"Id":1922,"Title":"Vista Estates Mobile Home Park"},{"Id":1923,"Title":"Walford"},{"Id":1924,"Title":"Wanamaker"},{"Id":1925,"Title":"Washington Prairie"},{"Id":1926,"Title":"Waukee"},{"Id":1929,"Title":"Weldon"},{"Id":1930,"Title":"West Burlington"},{"Id":1931,"Title":"West Saint Marys"},{"Id":1934,"Title":"Westridge Mobile Home Park"},{"Id":1935,"Title":"White Elm"},{"Id":1936,"Title":"Wilke"},{"Id":1937,"Title":"Wilton"},{"Id":1938,"Title":"Wise"},{"Id":1939,"Title":"Woodland Mobile Home Park"},{"Id":1940,"Title":"Xenia"},{"Id":1941,"Title":"Yorktown"},{"Id":1944,"Title":"Acme"},{"Id":1945,"Title":"Aikins"},{"Id":1946,"Title":"Alfmil"},{"Id":1947,"Title":"Altamont"},{"Id":1948,"Title":"Angelus"},{"Id":1949,"Title":"Arcola"},{"Id":1950,"Title":"Arthur Heights"},{"Id":1951,"Title":"Athens"},{"Id":1952,"Title":"Aurora"},{"Id":1953,"Title":"Balta"},{"Id":1954,"Title":"Basehor"},{"Id":1955,"Title":"Bazine"},{"Id":1956,"Title":"Bellefont"},{"Id":1957,"Title":"Bennington"},{"Id":1959,"Title":"Bismark Grove"},{"Id":1960,"Title":"Bloom"},{"Id":1961,"Title":"Bolton"},{"Id":1962,"Title":"Brazilton"},{"Id":1963,"Title":"Brookhaven"},{"Id":1964,"Title":"Bucyrus"},{"Id":1966,"Title":"Buxton"},{"Id":1967,"Title":"Canada"},{"Id":1968,"Title":"Carona"},{"Id":1969,"Title":"Cedar Bluffs"},{"Id":1970,"Title":"Chapman"},{"Id":1971,"Title":"Cherryvale"},{"Id":1972,"Title":"Cimarron"},{"Id":1973,"Title":"Clements"},{"Id":1974,"Title":"Cochrane"},{"Id":1975,"Title":"Colony"},{"Id":1976,"Title":"Coolidge"},{"Id":1977,"Title":"Cottonwood Falls"},{"Id":1978,"Title":"Cravensville"},{"Id":1979,"Title":"Cullen Village"},{"Id":1980,"Title":"Damar"},{"Id":1981,"Title":"Delia"},{"Id":1982,"Title":"Detroit"},{"Id":1983,"Title":"Doniphan"},{"Id":1984,"Title":"Dubuque"},{"Id":1985,"Title":"Durham"},{"Id":1986,"Title":"Edalgo"},{"Id":1987,"Title":"Elbing"},{"Id":1988,"Title":"Ellsworth"},{"Id":1989,"Title":"Elyria"},{"Id":1990,"Title":"Enterprise"},{"Id":1991,"Title":"Fairfax"},{"Id":1992,"Title":"Farhman"},{"Id":1994,"Title":"Forney"},{"Id":1995,"Title":"Frederick"},{"Id":1996,"Title":"Fulton"},{"Id":1997,"Title":"Gardner"},{"Id":1998,"Title":"Geneva"},{"Id":1999,"Title":"Glen Crouse"},{"Id":2000,"Title":"Goldenrod"},{"Id":2001,"Title":"Grand Summit"},{"Id":2002,"Title":"Greenbush"},{"Id":2003,"Title":"Grinter Heights"},{"Id":2004,"Title":"Haggard"},{"Id":2005,"Title":"Hamlin"},{"Id":2006,"Title":"Harper"},{"Id":2007,"Title":"Haviland"},{"Id":2008,"Title":"Hedville"},{"Id":2009,"Title":"Hessdale"},{"Id":2010,"Title":"Hill City"},{"Id":2011,"Title":"Hodges"},{"Id":2012,"Title":"Holyrood"},{"Id":2013,"Title":"Howard"},{"Id":2014,"Title":"Huron"},{"Id":2015,"Title":"Ingalls"},{"Id":2016,"Title":"Jamestown"},{"Id":2017,"Title":"Joy"},{"Id":2018,"Title":"Kansas City"},{"Id":2019,"Title":"Kelly"},{"Id":2020,"Title":"Kimeo"},{"Id":2021,"Title":"Kismet"},{"Id":2022,"Title":"Laclede"},{"Id":2023,"Title":"Lakeside Village"},{"Id":2024,"Title":"Langley"},{"Id":2025,"Title":"Laton"},{"Id":2026,"Title":"Lebanon"},{"Id":2028,"Title":"Leonardville"},{"Id":2029,"Title":"Lillis"},{"Id":2030,"Title":"Little Kaw"},{"Id":2031,"Title":"Lorena"},{"Id":2032,"Title":"Lowemont"},{"Id":2033,"Title":"Lyons"},{"Id":2034,"Title":"Manhattan"},{"Id":2035,"Title":"Marietta"},{"Id":2036,"Title":"Mayline"},{"Id":2037,"Title":"McPherson"},{"Id":2038,"Title":"Melvern"},{"Id":2039,"Title":"Michigan Valley"},{"Id":2040,"Title":"Milford"},{"Id":2041,"Title":"Mingona"},{"Id":2042,"Title":"Moline"},{"Id":2043,"Title":"Monument"},{"Id":2044,"Title":"Morse"},{"Id":2045,"Title":"Mulvane"},{"Id":2048,"Title":"Trondheim"},{"Id":2049,"Title":"Oslo"},{"Id":2050,"Title":"Bryne"}]